cluster	1h	2h	4h	6h	8h	12h	18h	24h	48h
cluster_1	0	0.0160760180327955	0.0139515690210499	0.00580838120297787	0.00963526221327597	0.00595293824472186	0.00185235530776781	0.00176671204122935	0.00166157341880272
cluster_2	0.00573476702508961	0.000810717292436416	0.00123146516074059	0.00375102978103896	0.0101612550084853	0.0116112980402234	0.00718654976748252	0.00922163241231469	0.00755297884938987
cluster_3	0	0.0273492172482684	0.015165394089976	0.00200658030600794	0.00182723069673533	0.00110000000522034	0.000280703205851671	0.000455057781146889	0.000640821346582118
cluster_4	0.0904761904761905	0.0841694444892005	0.0502343094099129	0.0132297068377214	0.0221463636632979	0.0110906718026913	0.00206949435934461	0.00454201514275639	0.00380611608382206
cluster_5	0	1.28744866298456e-05	4.51772870813972e-05	5.90510413519845e-05	0.000365330686274718	0.00669084940406386	0.00739784662928785	0.0145282588785186	0.00977398566754639
cluster_6	0.0738095238095238	0.0267140911080063	0.0159772167661234	0.00255671210920458	0.00588514998055501	0.0060525253411386	0.000969468988224627	0.00107679171443428	0.000963493463297758
