cluster	1h	2h	4h	6h	8h	12h	18h	24h	48h
cluster_1	0.0149046355942908	0.0532087296673414	0.0523431650562752	0.0369191841067766	0.0243366824681616	0.0155527829078177	0.00980474021122256	0.00747368438154127	0.00820353550779899
cluster_2	0.000502765208647562	0.00348701601519257	0.00636633806422717	0.0131387113753005	0.0154547570467458	0.0136064480924177	0.010287133847554	0.00924770531431289	0.00902359091645848
cluster_3	0.0543766578249337	0.0323410017533692	0.0240640046097986	0.0141213749208964	0.012669295179071	0.010990100707242	0.00519168617166779	0.00326204704814687	0.003134127821768
cluster_4	0.00286303734579597	0.00549689643603927	0.00419438040779728	0.00750283260806657	0.0109857505408149	0.0294964424615064	0.0582400159747611	0.0652718279686379	0.067232744543041
cluster_5	0.00854700854700855	0.000351867802341532	0.000657731832026843	0.00396866203990903	0.00768866097716076	0.00827577398246971	0.0106278763667365	0.00687655177352232	0.00603628409586959
cluster_6	0.00854700854700855	0.000526026841331721	0.00127358442808838	0.00465421010429238	0.010131189819739	0.0112187425092909	0.00830817474040705	0.00738238488276488	0.00749194948898719
cluster_7	0.519893899204244	0.0216790340078825	0.00952762092405632	0.00455193453070431	0.00495650385244774	0.00333886454382627	0.00167318738354539	0.00131749310264473	0.00139468234725047
unclustered	0.0123784261715296	0.00132092055226095	0.00251453020002557	0.0218184877402277	0.0478477854490994	0.0616831636502206	0.0491532557592636	0.0536893903832045	0.0491448389403188
