cluster	1h	2h	4h	6h	8h	12h	18h	24h	48h
cluster_1	0.0160511460246208	0.0550493062148842	0.0550583207335333	0.0379608011599435	0.0243286181555319	0.0152146953439097	0.00920781558840815	0.00690336394625379	0.0078208955506089
cluster_2	0.000502765208647562	0.00348701601519257	0.00636633806422717	0.0131387113753005	0.0154547570467458	0.0136064480924177	0.010287133847554	0.00924770531431289	0.00902359091645848
cluster_3	0.0543766578249337	0.0323410017533692	0.0240640046097986	0.0141213749208964	0.012669295179071	0.010990100707242	0.00519168617166779	0.00326204704814687	0.003134127821768
cluster_4	0.00286303734579597	0.00549689643603927	0.00419438040779728	0.00750283260806657	0.0109857505408149	0.0294964424615064	0.0582400159747611	0.0652718279686379	0.067232744543041
cluster_5	0.00854700854700855	0.000526026841331721	0.00127358442808838	0.00465421010429238	0.010131189819739	0.0112187425092909	0.00830817474040705	0.00738238488276488	0.00749194948898719
unclustered	0.0942626977109736	0.00921248300271536	0.00579584743468003	0.0162257037011505	0.0301050066182091	0.0361020084525964	0.0295542652226471	0.0306916776776765	0.0280072230358911
