cluster	1h	2h	4h	6h	8h	12h	18h	24h	48h
cluster_1	0.00452380952380953	0.0322090159791303	0.0232848811408285	0.00616648548207026	0.00831909646727086	0.0049061310130969	0.00138413915426004	0.00145467222429297	0.00140361710263201
cluster_2	0	0.0011580045704312	0.0021218421811243	0.00322782926882242	0.00630566718816031	0.00371473495019772	0.000957704230276709	0.00106732676660878	0.00068490701744929
cluster_3	0.0571428571428571	0.00346400748726111	0.000819133413477521	0.000739142690879848	0.00452897155617746	0.00702090726018737	0.00215898593370155	0.00596232461682671	0.00294461130980681
cluster_4	0	0.000723237530581066	0.00124211339277813	0.00206225510093414	0.00814587630682852	0.00881803369630833	0.00381197875662947	0.00681878319402439	0.00490992028975814
cluster_5	0	4.21053783542962e-05	2.83736011535074e-05	0.000118421377126086	0.000755077310800154	0.009598438831721	0.0107202380179782	0.0214366944037982	0.0148745713521034
cluster_7	0.189880952380952	0.0221577768476088	0.0149946875779225	0.0117827797382926	0.0115074057424451	0.00591391999559342	0.00139475400308879	0.000763573369722099	0.000981365570997134
unclustered	0.0138278388278388	0.00927132169880607	0.00407543825636109	0.00598801685217039	0.0146005205121194	0.0165052624254723	0.0112518817377274	0.0124495394986609	0.011167937951675
