seqnames	strand	group	hpi	Time	cell_line	mean_varcoeff	mean_mean	mean_sd	min_sd	max_sd	varcoeff_coverage
NC_001491.2	+	EHV1_cage_A			RK-13	1.34207403261512	2.62800665557403	2.38257694084155	0.648845257903495	5.06826622296172	0.906609934106548
NC_001491.2	-	EHV1_cage_A			RK-13	1.36929873256013	1.9816306156406	1.88206626491566	0.402861896838602	3.89522129783693	0.949756352198488
NC_001491.2	+	EHV1_cage_B			RK-13	1.3250551664248	3.40641819190238	3.02136546910303	0.860179700499168	6.4973244592346	0.886962580309521
NC_001491.2	-	EHV1_cage_B			RK-13	1.35903835786493	2.56994786466999	2.33094938231748	0.621730449251248	4.95903494176372	0.907002595018326
NC_001491.2	+	EHV1_cage_C			RK-13	1.29390826027732	3.51872878535774	3.00040897283614	1.01619301164725	6.6260499168053	0.852696856126437
NC_001491.2	-	EHV1_cage_C			RK-13	1.34910352458747	2.74600998336106	2.40706711896564	0.738202995008319	5.23502163061563	0.876568961347853
