seqnames	strand	group	hpi	Time	cell_line	mean_sum	mean_mean	mean_sd	mean_min	mean_max	varcoeff_coverage
NC_001491.2	+	EHV1_cage_A			RK-13	394.200998336106	131.400332778703	119.128847042076	32.4422628951747	253.413311148087	0.90660993410653
NC_001491.2	-	EHV1_cage_A			RK-13	297.24459234609	99.0815307820298	94.1033132457818	20.1430948419301	194.761064891847	0.949756352198477
NC_001491.2	+	EHV1_cage_B			RK-13	510.962728785358	170.32090959512	151.068273455149	43.0089850249584	324.86622296173	0.886962580309505
NC_001491.2	-	EHV1_cage_B			RK-13	385.492179700499	128.4973932335	116.547469115872	31.0865224625624	247.951747088186	0.907002595018305
NC_001491.2	+	EHV1_cage_C			RK-13	527.809317803661	175.936439267887	150.020448641805	50.8096505823627	331.302495840266	0.852696856126422
NC_001491.2	-	EHV1_cage_C			RK-13	411.90149750416	137.300499168054	120.35335594828	36.910149750416	261.751081530782	0.876568961347837
