seqnames	sample	hpi	Time	cell_line	group	total	contig_size	average_coverage
NC_001491.2	EHV1_cage_A_20230131_ACCG			RK-13	EHV1_cage_A	177784	150224	1.18345936734477
NC_001491.2	EHV1_cage_A_20230201_ACCG			RK-13	EHV1_cage_A	862084	150224	5.73865693897114
NC_001491.2	EHV1_cage_A_20230203_ACCG			RK-13	EHV1_cage_A	1037926	150224	6.90918894450953
NC_001491.2	EHV1_cage_B_20230131_CACG			RK-13	EHV1_cage_B	246834	150224	1.64310629460006
NC_001491.2	EHV1_cage_B_20230201_CACG			RK-13	EHV1_cage_B	1120408	150224	7.45824901480456
NC_001491.2	EHV1_cage_B_20230203_CACG			RK-13	EHV1_cage_B	1326605	150224	8.83084593673448
NC_001491.2	EHV1_cage_C_20230131_AGTG			RK-13	EHV1_cage_C	294582	150224	1.96095164554266
NC_001491.2	EHV1_cage_C_20230201_AGTG			RK-13	EHV1_cage_C	1170202	150224	7.78971402705293
NC_001491.2	EHV1_cage_C_20230203_AGTG			RK-13	EHV1_cage_C	1359047	150224	9.04680344019597
